Date;Dernier;Ouv.;Plus Haut;Plus Bas;Vol.;Variation %
01/01/2015;5456;5373;5485;5372;-;2,43%
02/01/2015;5269;5376;5511;5203;268,71K;-3,44%
05/01/2015;5004;5261;5273;4968;375,78K;-5,03%
06/01/2015;4793;5000;5037;4755;451,64K;-4,22%
07/01/2015;4865;4800;4931;4683;460,08K;1,50%
08/01/2015;4879;4878;4965;4773;362,08K;0,29%
09/01/2015;4836;4892;4961;4716;421,01K;-0,88%
12/01/2015;4607;4819;4819;4562;394,95K;-4,74%
13/01/2015;4589;4569;4679;4420;476,54K;-0,39%
14/01/2015;4848;4616;4891;4501;510,25K;5,64%
15/01/2015;4625;4860;5127;4607;478,34K;-4,60%
16/01/2015;4869;4635;4887;4595;175,63K;5,28%
18/01/2015;4885;4895;4906;4878;-;0,32%
19/01/2015;4778;4884;4919;4764;-;-2,18%
20/01/2015;4639;4869;4877;4589;49,74K;-2,91%
21/01/2015;4778;4669;4820;4655;340,25K;3,00%
22/01/2015;4631;4735;4909;4587;426,83K;-3,08%
23/01/2015;4559;4663;4776;4521;374,29K;-1,55%
26/01/2015;4515;4520;4641;4435;310,64K;-0,97%
27/01/2015;4623;4513;4655;4481;313,14K;2,39%
28/01/2015;4445;4583;4583;4408;365,44K;-3,85%
29/01/2015;4453;4443;4496;4358;300,73K;0,18%
30/01/2015;4824;4463;4835;4431;454,14K;8,33%
02/02/2015;4957;4759;5056;4667;511,41K;2,76%
03/02/2015;5305;4979;5424;4969;644,92K;7,02%
04/02/2015;4845;5167;5256;4795;577,52K;-8,67%
05/02/2015;5048;4867;5210;4736;596,85K;4,19%
06/02/2015;5169;5086;5316;5072;584,98K;2,40%
09/02/2015;5286;5201;5399;5165;536,36K;2,26%
10/02/2015;5002;5243;5265;4986;501,70K;-5,37%
11/02/2015;4884;5098;5114;4805;519,27K;-2,36%
12/02/2015;5121;4942;5160;4914;563,66K;4,85%
13/02/2015;5278;5135;5343;5103;437,07K;3,07%
15/02/2015;5406;5375;5442;5371;-;2,42%
16/02/2015;5361;5404;5408;5292;-;-0,82%
17/02/2015;5353;5275;5415;5081;518,80K;-0,15%
18/02/2015;5214;5324;5341;5032;257,48K;-2,60%
19/02/2015;5116;5055;5214;4915;125,21K;-1,88%
20/02/2015;5034;5124;5185;4991;30,66K;-1,60%
23/02/2015;4945;5075;5099;4867;475,38K;-1,77%
24/02/2015;4928;4942;5033;4868;293,10K;-0,34%
25/02/2015;5099;4916;5128;4843;429,52K;3,47%
26/02/2015;4817;5100;5122;4780;459,58K;-5,53%
27/02/2015;4976;4897;4994;4846;399,49K;3,30%
02/03/2015;4959;4945;5104;4871;427,18K;-0,34%
03/03/2015;5052;4980;5083;4945;370,60K;1,88%
04/03/2015;5153;5061;5199;4960;463,99K;2,00%
05/03/2015;5076;5162;5240;5061;370,95K;-1,49%
06/03/2015;4961;5089;5122;4888;406,84K;-2,27%
09/03/2015;5000;4960;5079;4925;409,88K;0,79%
10/03/2015;4829;5008;5036;4820;395,76K;-3,42%
11/03/2015;4817;4877;4905;4733;404,59K;-0,25%
12/03/2015;4705;4844;4876;4686;358,38K;-2,33%
13/03/2015;4484;4693;4728;4475;395,72K;-4,70%
16/03/2015;4388;4481;4500;4285;367,60K;-2,14%
17/03/2015;4346;4384;4420;4241;346,31K;-0,96%
18/03/2015;4466;4251;4534;4203;220,64K;2,76%
19/03/2015;4396;4460;4471;4275;106,91K;-1,57%
20/03/2015;4572;4399;4653;4331;22,46K;4,00%
23/03/2015;4745;4641;4761;4533;292,42K;3,78%
24/03/2015;4751;4746;4856;4667;309,55K;0,13%
25/03/2015;4921;4772;4946;4700;398,80K;3,58%
26/03/2015;5143;4902;5248;4873;515,28K;4,51%
27/03/2015;4887;5101;5138;4821;384,09K;-4,98%
30/03/2015;4868;4857;4916;4761;355,87K;-0,39%
31/03/2015;4760;4873;4873;4728;365,75K;-2,22%
01/04/2015;5009;4755;5045;4705;451,10K;5,23%
02/04/2015;4914;4959;5027;4811;453,39K;-1,90%
03/04/2015;4914;4914;4914;4914;-;0,00%
06/04/2015;5214;4947;5224;4947;325,28K;6,11%
07/04/2015;5398;5195;5413;5117;548,87K;3,53%
08/04/2015;5042;5318;5323;5037;552,63K;-6,60%
09/04/2015;5079;5100;5207;5051;449,53K;0,73%
10/04/2015;5164;5073;5193;5008;395,14K;1,67%
13/04/2015;5191;5181;5310;5147;375,53K;0,52%
14/04/2015;5329;5205;5379;5183;431,03K;2,66%
15/04/2015;5639;5355;5669;5339;508,90K;5,82%
16/04/2015;5671;5592;5742;5507;413,13K;0,57%
17/04/2015;5574;5656;5688;5531;230,62K;-1,71%
20/04/2015;5638;5616;5717;5485;112,38K;1,15%
21/04/2015;5526;5641;5691;5501;29,60K;-1,99%
22/04/2015;5616;5634;5719;5573;329,63K;1,63%
23/04/2015;5774;5628;5841;5576;415,57K;2,81%
24/04/2015;5715;5753;5795;5650;328,32K;-1,02%
27/04/2015;5699;5730;5789;5652;250,56K;-0,28%
28/04/2015;5706;5665;5783;5607;281,86K;0,12%
29/04/2015;5858;5693;5933;5654;411,10K;2,66%
30/04/2015;5963;5855;5985;5838;340,32K;1,79%
01/05/2015;5915;5979;5990;5832;244,75K;-0,80%
04/05/2015;5893;5930;5973;5845;215,05K;-0,37%
05/05/2015;6040;5895;6110;5863;389,74K;2,49%
06/05/2015;6093;6072;6258;6054;423,58K;0,88%
07/05/2015;5894;6069;6131;5849;437,02K;-3,27%
08/05/2015;5939;5902;5990;5814;434,58K;0,76%
11/05/2015;5925;5943;5985;5875;332,69K;-0,24%
12/05/2015;6075;5927;6136;5912;397,35K;2,53%
13/05/2015;6050;6123;6185;6002;426,84K;-0,41%
14/05/2015;5988;6010;6084;5936;361,43K;-1,02%
15/05/2015;5969;5967;5997;5842;222,09K;-0,32%
18/05/2015;5943;5985;6088;5906;144,39K;-0,44%
19/05/2015;5726;5954;5963;5709;30,30K;-3,65%
20/05/2015;5898;5832;5904;5810;287,13K;3,00%
21/05/2015;6072;5881;6094;5869;329,77K;2,95%
22/05/2015;5972;6066;6080;5935;230,31K;-1,65%
24/05/2015;5992;6001;6001;5978;-;0,33%
25/05/2015;5985;5993;6024;5911;-;-0,12%
26/05/2015;5803;6005;6025;5771;330,13K;-3,03%
27/05/2015;5751;5832;5895;5736;314,92K;-0,90%
28/05/2015;5768;5763;5807;5651;340,68K;0,30%
29/05/2015;6030;5797;6070;5772;452,22K;4,54%
01/06/2015;6020;6029;6064;5933;292,19K;-0,17%
02/06/2015;6126;6018;6158;6009;344,51K;1,76%
03/06/2015;5964;6102;6143;5934;371,30K;-2,64%
04/06/2015;5800;5957;5994;5783;363,35K;-2,75%
05/06/2015;5913;5799;5923;5683;461,02K;1,95%
08/06/2015;5814;5896;5913;5786;339,85K;-1,67%
09/06/2015;6014;5831;6068;5823;405,49K;3,44%
10/06/2015;6143;6058;6182;6045;459,77K;2,14%
11/06/2015;6077;6114;6153;6021;352,42K;-1,07%
12/06/2015;5996;6055;6063;5973;246,90K;-1,33%
15/06/2015;5952;5990;5998;5873;275,19K;-0,73%
16/06/2015;5997;5960;6037;5942;233,94K;0,76%
17/06/2015;5992;6003;6138;5885;396,16K;-0,08%
18/06/2015;6045;5978;6089;5925;181,88K;0,88%
19/06/2015;5961;6050;6056;5888;116,66K;-1,39%
22/06/2015;5968;5944;6030;5893;26,74K;0,12%
23/06/2015;6101;6021;6149;5955;336,22K;2,23%
24/06/2015;6027;6114;6157;5980;312,99K;-1,21%
25/06/2015;5970;6022;6046;5943;222,34K;-0,95%
26/06/2015;5963;5966;5996;5876;231,96K;-0,12%
29/06/2015;5833;5884;5927;5804;286,04K;-2,18%
30/06/2015;5947;5827;5969;5794;282,48K;1,95%
01/07/2015;5696;5898;5898;5668;373,41K;-4,22%
02/07/2015;5693;5687;5795;5650;297,05K;-0,05%
03/07/2015;5552;5660;5678;5542;-;-2,48%
06/07/2015;5253;5642;5679;5241;540,61K;-5,39%
07/07/2015;5233;5275;5343;5058;527,27K;-0,38%
08/07/2015;5165;5291;5296;5091;434,75K;-1,30%
09/07/2015;5278;5183;5354;5148;382,33K;2,19%
10/07/2015;5274;5248;5389;5196;349,08K;-0,08%
13/07/2015;5220;5215;5317;5126;359,48K;-1,02%
14/07/2015;5304;5200;5343;5088;422,76K;1,61%
15/07/2015;5141;5340;5350;5121;334,56K;-3,07%
16/07/2015;5091;5162;5217;5084;319,17K;-0,97%
17/07/2015;5089;5091;5123;5014;203,49K;-0,04%
20/07/2015;5015;5076;5126;4985;102,60K;-1,45%
21/07/2015;5036;4995;5102;4977;23,13K;0,42%
22/07/2015;4919;5071;5071;4904;347,99K;-2,32%
23/07/2015;4845;4923;4963;4821;316,06K;-1,50%
24/07/2015;4814;4879;4903;4772;278,23K;-0,64%
27/07/2015;4739;4800;4820;4691;273,61K;-1,56%
28/07/2015;4798;4702;4844;4668;338,11K;1,24%
29/07/2015;4879;4781;4952;4739;366,89K;1,69%
30/07/2015;4852;4883;4936;4834;247,66K;-0,55%
31/07/2015;4712;4847;4862;4670;334,47K;-2,89%
03/08/2015;4517;4686;4694;4508;371,09K;-4,14%
04/08/2015;4574;4535;4623;4529;285,79K;1,26%
05/08/2015;4515;4596;4670;4483;367,33K;-1,29%
06/08/2015;4466;4516;4527;4420;360,98K;-1,09%
07/08/2015;4387;4482;4516;4370;400,07K;-1,77%
10/08/2015;4496;4358;4501;4335;491,43K;2,48%
11/08/2015;4308;4481;4534;4269;538,01K;-4,18%
12/08/2015;4330;4327;4387;4280;492,27K;0,51%
13/08/2015;4223;4334;4372;4191;420,15K;-2,47%
14/08/2015;4250;4223;4296;4135;317,21K;0,64%
17/08/2015;4187;4218;4269;4164;314,28K;-1,48%
18/08/2015;4262;4188;4290;4143;200,19K;1,79%
19/08/2015;4080;4241;4268;4040;107,58K;-4,27%
20/08/2015;4114;4058;4148;4021;24,78K;0,83%
21/08/2015;4045;4103;4140;3986;377,18K;-1,68%
24/08/2015;3824;4030;4047;3775;468,37K;-5,46%
25/08/2015;3931;3818;3989;3816;375,65K;2,80%
26/08/2015;3860;3969;3986;3852;368,72K;-1,81%
27/08/2015;4256;3896;4286;3895;533,68K;10,26%
28/08/2015;4522;4268;4590;4178;666,33K;6,25%
31/08/2015;4920;4500;4933;4360;757,50K;8,80%
01/09/2015;4541;4810;4887;4415;713,42K;-7,70%
02/09/2015;4625;4426;4677;4321;689,30K;1,85%
03/09/2015;4675;4611;4842;4565;539,45K;1,08%
04/09/2015;4605;4668;4723;4561;385,63K;-1,50%
06/09/2015;4572;4572;4587;4561;-;-0,72%
07/09/2015;4470;4572;4592;4415;-;-2,23%
08/09/2015;4594;4582;4641;4414;508,82K;2,77%
09/09/2015;4415;4579;4626;4405;422,74K;-3,90%
10/09/2015;4592;4416;4604;4336;498,99K;4,01%
11/09/2015;4463;4571;4588;4416;395,84K;-2,81%
14/09/2015;4400;4478;4497;4359;326,27K;-1,41%
15/09/2015;4459;4411;4525;4392;335,95K;1,34%
16/09/2015;4715;4516;4735;4482;421,98K;5,74%
17/09/2015;4690;4713;4771;4633;366,39K;-0,53%
18/09/2015;4468;4689;4703;4424;211,30K;-4,73%
21/09/2015;4668;4497;4674;4469;104,53K;4,48%
22/09/2015;4583;4645;4648;4514;29,99K;-1,82%
23/09/2015;4448;4654;4715;4441;411,96K;-2,95%
24/09/2015;4491;4462;4518;4371;371,98K;0,97%
25/09/2015;4570;4505;4638;4486;338,62K;1,76%
28/09/2015;4443;4538;4550;4430;273,91K;-2,78%
29/09/2015;4523;4450;4570;4430;265,18K;1,80%
30/09/2015;4509;4492;4585;4468;355,85K;-0,31%
01/10/2015;4474;4538;4710;4463;478,98K;-0,78%
02/10/2015;4554;4507;4581;4397;420,74K;1,79%
05/10/2015;4626;4565;4694;4521;323,06K;1,58%
06/10/2015;4853;4620;4908;4573;453,10K;4,91%
07/10/2015;4781;4900;4971;4770;547,49K;-1,48%
08/10/2015;4943;4811;5007;4776;509,76K;3,39%
09/10/2015;4963;4969;5092;4917;508,68K;0,40%
12/10/2015;4710;4951;5013;4704;408,66K;-5,10%
13/10/2015;4666;4746;4843;4644;465,39K;-0,93%
14/10/2015;4664;4669;4696;4594;348,24K;-0,04%
15/10/2015;4638;4628;4702;4523;370,94K;-0,56%
16/10/2015;4726;4687;4750;4616;198,13K;1,90%
19/10/2015;4589;4727;4749;4585;125,84K;-2,90%
20/10/2015;4555;4625;4652;4523;38,95K;-0,74%
21/10/2015;4520;4588;4608;4486;384,29K;-0,77%
22/10/2015;4538;4527;4610;4490;322,74K;0,40%
23/10/2015;4460;4544;4575;4420;406,58K;-1,72%
26/10/2015;4398;4474;4494;4364;302,08K;-1,39%
27/10/2015;4320;4378;4391;4258;370,83K;-1,77%
28/10/2015;4594;4344;4622;4306;521,52K;6,34%
29/10/2015;4606;4606;4679;4516;436,51K;0,26%
30/10/2015;4659;4574;4703;4548;363,31K;1,15%
02/11/2015;4614;4643;4673;4556;305,52K;-0,97%
03/11/2015;4790;4611;4836;4596;434,57K;3,81%
04/11/2015;4632;4774;4828;4617;459,31K;-3,30%
05/11/2015;4520;4657;4665;4512;437,65K;-2,42%
06/11/2015;4429;4541;4564;4411;448,13K;-2,01%
09/11/2015;4387;4452;4512;4364;487,99K;-0,95%
10/11/2015;4421;4410;4476;4357;445,97K;0,78%
11/11/2015;4293;4363;4411;4262;502,37K;-2,90%
12/11/2015;4175;4305;4333;4154;545,35K;-2,75%
13/11/2015;4074;4161;4221;4022;480,89K;-2,42%
16/11/2015;4174;4092;4225;4006;535,18K;2,45%
17/11/2015;4067;4196;4203;4058;363,71K;-2,56%
18/11/2015;4075;4111;4155;3991;251,52K;0,20%
19/11/2015;4054;4072;4105;3989;131,36K;-0,52%
20/11/2015;4039;4054;4099;3899;33,71K;-0,37%
23/11/2015;4175;4149;4275;4041;516,19K;3,37%
24/11/2015;4287;4204;4346;4186;430,30K;2,68%
25/11/2015;4304;4269;4325;4172;383,16K;0,40%
26/11/2015;4259;4308;4329;4230;-;-1,05%
27/11/2015;4171;4325;4330;4167;316,48K;-2,07%
30/11/2015;4165;4177;4261;4150;369,51K;-0,14%
01/12/2015;4185;4173;4223;4117;415,54K;0,48%
02/12/2015;3994;4169;4197;3984;545,29K;-4,56%
03/12/2015;4108;4015;4178;4007;496,88K;2,85%
04/12/2015;3997;4131;4200;3960;510,76K;-2,70%
07/12/2015;3765;4010;4015;3750;635,41K;-5,80%
08/12/2015;3751;3768;3858;3664;767,18K;-0,37%
09/12/2015;3716;3786;3899;3687;646,17K;-0,93%
10/12/2015;3676;3727;3754;3638;513,94K;-1,08%
11/12/2015;3562;3663;3684;3516;505,41K;-3,10%
14/12/2015;3631;3540;3670;3453;550,48K;1,94%
15/12/2015;3735;3632;3788;3603;474,16K;2,86%
16/12/2015;3552;3679;3735;3529;402,97K;-4,90%
17/12/2015;3495;3580;3584;3463;196,23K;-1,60%
18/12/2015;3473;3487;3557;3429;116,04K;-0,63%
21/12/2015;3474;3458;3486;3398;27,29K;0,03%
22/12/2015;3614;3580;3654;3566;302,26K;4,03%
23/12/2015;3750;3647;3795;3628;374,66K;3,76%
24/12/2015;3810;3786;3828;3738;205,87K;1,60%
28/12/2015;3681;3800;3809;3660;220,64K;-3,39%
29/12/2015;3787;3670;3794;3666;241,95K;2,88%
30/12/2015;3660;3736;3740;3640;267,91K;-3,35%
31/12/2015;3704;3681;3779;3622;283,62K;1,20%
04/01/2016;3676;3760;3839;3633;431,99K;-0,76%
05/01/2016;3597;3690;3710;3574;410,13K;-2,15%
06/01/2016;3397;3618;3639;3377;563,81K;-5,56%
07/01/2016;3327;3409;3426;3210;617,41K;-2,06%
08/01/2016;3316;3330;3434;3264;596,50K;-0,33%
11/01/2016;3141;3294;3320;3088;648,64K;-5,28%
12/01/2016;3044;3111;3221;2993;627,22K;-3,09%
13/01/2016;3048;3054;3171;3010;637,90K;0,13%
14/01/2016;3120;3060;3177;3028;537,91K;2,36%
15/01/2016;2942;3118;3118;2913;329,09K;-5,71%
17/01/2016;2975;3068;3068;2936;-;1,10%
18/01/2016;3002;2976;3088;2967;-;0,94%
19/01/2016;2846;2920;3021;2821;188,03K;-5,21%
20/01/2016;2655;2833;2858;2619;32,11K;-6,71%
21/01/2016;2953;2835;3025;2787;694,04K;11,22%
22/01/2016;3219;2984;3235;2953;636,57K;9,01%
25/01/2016;3034;3205;3274;2968;606,89K;-5,75%
26/01/2016;3145;2981;3241;2925;642,43K;3,66%
27/01/2016;3230;3055;3284;3014;738,55K;2,70%
28/01/2016;3322;3219;3482;3174;833,38K;2,85%
29/01/2016;3362;3370;3440;3265;618,11K;1,20%
01/02/2016;3162;3383;3418;3129;595,61K;-5,95%
02/02/2016;2988;3137;3153;2957;602,56K;-5,50%
03/02/2016;3228;2975;3275;2940;811,70K;8,03%
04/02/2016;3172;3271;3360;3153;696,72K;-1,73%
05/02/2016;3089;3164;3245;3063;616,53K;-2,62%
08/02/2016;2969;3097;3138;2957;603,65K;-3,88%
09/02/2016;2794;3017;3061;2774;738,22K;-5,89%
10/02/2016;2745;2836;2922;2724;781,28K;-1,75%
11/02/2016;2621;2734;2748;2605;795,97K;-4,52%
12/02/2016;2944;2730;2966;2695;675,16K;12,32%
14/02/2016;2908;2906;2918;2897;-;-1,24%
15/02/2016;3060;2908;3069;2897;-;5,26%
16/02/2016;2904;2908;3153;2870;651,96K;-5,11%
17/02/2016;3066;2914;3149;2873;578,64K;5,58%
18/02/2016;3077;3135;3198;3027;225,50K;0,36%
19/02/2016;2964;3060;3073;2905;103,20K;-3,67%
22/02/2016;3148;2972;3205;2948;26,32K;6,21%
23/02/2016;3187;3334;3353;3122;539,38K;1,24%
24/02/2016;3215;3128;3240;3056;652,25K;0,88%
25/02/2016;3307;3219;3349;3107;611,87K;2,86%
26/02/2016;3278;3304;3469;3264;646,29K;-0,88%
29/02/2016;3375;3272;3398;3232;512,47K;2,96%
01/03/2016;3440;3390;3476;3337;566,23K;1,93%
02/03/2016;3466;3389;3517;3355;597,83K;0,76%
03/03/2016;3457;3473;3532;3419;512,96K;-0,26%
04/03/2016;3592;3466;3634;3440;578,29K;3,91%
07/03/2016;3790;3620;3811;3609;709,87K;5,51%
08/03/2016;3650;3794;3839;3612;706,93K;-3,69%
09/03/2016;3829;3636;3851;3624;740,63K;4,90%
10/03/2016;3784;3817;3848;3721;701,44K;-1,18%
11/03/2016;3850;3799;3902;3792;564,79K;1,74%
14/03/2016;3718;3817;3877;3668;489,94K;-3,43%
15/03/2016;3634;3737;3740;3596;446,10K;-2,26%
16/03/2016;3846;3674;3863;3661;494,17K;5,83%
17/03/2016;4020;3859;4036;3847;298,01K;4,52%
18/03/2016;3944;4025;4120;3915;130,15K;-1,89%
21/03/2016;3991;3906;4030;3861;31,92K;1,19%
22/03/2016;4145;4159;4190;4077;463,69K;3,86%
23/03/2016;3979;4119;4134;3967;492,00K;-4,00%
24/03/2016;3946;3973;3977;3833;495,17K;-0,83%
28/03/2016;3939;3955;4014;3886;299,78K;-0,18%
29/03/2016;3828;3932;3948;3791;488,03K;-2,82%
30/03/2016;3832;3852;3985;3814;542,47K;0,10%
31/03/2016;3834;3830;3904;3757;532,15K;0,05%
01/04/2016;3679;3814;3856;3663;547,19K;-4,04%
04/04/2016;3570;3661;3721;3546;549,48K;-2,96%
05/04/2016;3589;3550;3658;3524;485,54K;0,53%
06/04/2016;3775;3652;3790;3643;751,05K;5,18%
07/04/2016;3726;3776;3830;3669;626,75K;-1,30%
08/04/2016;3972;3752;3984;3745;817,23K;6,60%
11/04/2016;4036;3972;4075;3925;679,35K;1,61%
12/04/2016;4217;4035;4225;4009;796,84K;4,48%
13/04/2016;4176;4163;4242;4124;730,44K;-0,97%
14/04/2016;4150;4154;4216;4084;488,61K;-0,62%
15/04/2016;4036;4143;4173;3998;520,15K;-2,75%
18/04/2016;3978;3875;4024;3761;342,46K;-1,44%
19/04/2016;4108;4004;4153;3958;101,73K;3,27%
20/04/2016;4263;4080;4291;3985;30,09K;3,77%
21/04/2016;4318;4397;4449;4305;671,10K;1,29%
22/04/2016;4373;4342;4445;4311;575,11K;1,27%
25/04/2016;4264;4375;4404;4258;606,38K;-2,49%
26/04/2016;4404;4296;4483;4250;564,39K;3,28%
27/04/2016;4533;4464;4562;4377;648,03K;2,93%
28/04/2016;4603;4530;4614;4494;487,41K;1,54%
29/04/2016;4592;4590;4678;4524;598,44K;-0,24%
02/05/2016;4478;4590;4615;4454;464,03K;-2,48%
03/05/2016;4365;4492;4535;4332;625,55K;-2,52%
04/05/2016;4378;4385;4488;4322;711,13K;0,30%
05/05/2016;4432;4404;4607;4396;746,16K;1,23%
06/05/2016;4466;4452;4534;4354;695,31K;0,77%
09/05/2016;4344;4500;4594;4324;767,57K;-2,73%
10/05/2016;4466;4325;4479;4303;709,42K;2,81%
11/05/2016;4623;4460;4636;4396;869,96K;3,52%
12/05/2016;4670;4600;4702;4561;715,10K;1,02%
13/05/2016;4621;4641;4649;4575;519,36K;-1,05%
16/05/2016;4772;4628;4798;4615;550,86K;3,27%
17/05/2016;4831;4790;4876;4753;470,44K;1,24%
18/05/2016;4819;4853;4895;4775;343,18K;-0,25%
19/05/2016;4816;4787;4828;4673;108,82K;-0,06%
20/05/2016;4775;4820;4879;4744;28,52K;-0,85%
23/05/2016;4808;4846;4850;4740;475,45K;0,69%
24/05/2016;4862;4808;4927;4764;475,97K;1,12%
25/05/2016;4956;4909;4975;4865;550,50K;1,93%
26/05/2016;4948;4970;5021;4922;488,47K;-0,16%
27/05/2016;4933;4931;4960;4869;406,39K;-0,30%
29/05/2016;4958;4954;4971;4954;-;0,51%
30/05/2016;4951;4956;4975;4908;-;-0,14%
31/05/2016;4910;4954;5010;4881;476,99K;-0,83%
01/06/2016;4901;4882;4925;4775;568,84K;-0,18%
02/06/2016;4917;4890;4947;4797;564,85K;0,33%
03/06/2016;4862;4904;4941;4833;481,03K;-1,12%
06/06/2016;4969;4888;4990;4871;450,47K;2,20%
07/06/2016;5036;4971;5053;4944;542,25K;1,35%
08/06/2016;5123;5041;5162;5032;656,42K;1,73%
09/06/2016;5056;5145;5167;5023;560,72K;-1,31%
10/06/2016;4907;5047;5073;4880;596,12K;-2,95%
13/06/2016;4888;4885;4928;4816;506,04K;-0,39%
14/06/2016;4849;4852;4869;4784;456,14K;-0,80%
15/06/2016;4801;4790;4872;4728;527,87K;-0,99%
16/06/2016;4621;4745;4775;4591;507,91K;-3,75%
17/06/2016;4798;4599;4829;4583;226,65K;3,83%
20/06/2016;4937;4829;4942;4814;98,29K;2,90%
21/06/2016;4885;4914;4932;4816;30,11K;-1,05%
22/06/2016;4913;5022;5054;4840;569,94K;0,57%
23/06/2016;5011;4908;5023;4908;401,89K;1,99%
24/06/2016;4764;5030;5045;4670;649,45K;-4,93%
27/06/2016;4633;4781;4796;4583;504,61K;-2,75%
28/06/2016;4785;4659;4818;4654;498,85K;3,28%
29/06/2016;4988;4806;5000;4798;511,48K;4,24%
30/06/2016;4833;4955;4962;4817;508,74K;-3,11%
01/07/2016;4899;4838;4930;4790;405,19K;1,37%
03/07/2016;4901;4914;4922;4894;-;0,04%
04/07/2016;4865;4901;4935;4854;-;-0,73%
05/07/2016;4660;4911;4935;4633;609,19K;-4,21%
06/07/2016;4743;4683;4795;4592;607,66K;1,78%
07/07/2016;4514;4788;4825;4487;710,89K;-4,83%
08/07/2016;4541;4519;4597;4477;583,08K;0,60%
11/07/2016;4476;4507;4577;4442;533,66K;-1,43%
12/07/2016;4680;4458;4693;4451;658,26K;4,56%
13/07/2016;4475;4658;4671;4456;686,25K;-4,38%
14/07/2016;4568;4514;4580;4495;573,76K;2,08%
15/07/2016;4595;4552;4633;4505;430,26K;0,59%
18/07/2016;4524;4612;4614;4486;211,39K;-1,55%
19/07/2016;4465;4523;4567;4453;128,13K;-1,30%
20/07/2016;4494;4459;4525;4369;29,39K;0,65%
21/07/2016;4475;4565;4609;4452;432,97K;-0,42%
22/07/2016;4419;4460;4497;4374;428,41K;-1,25%
25/07/2016;4313;4420;4437;4297;389,84K;-2,40%
26/07/2016;4292;4307;4339;4236;461,32K;-0,49%
27/07/2016;4192;4266;4320;4168;537,39K;-2,33%
28/07/2016;4114;4193;4222;4104;447,91K;-1,86%
29/07/2016;4160;4112;4167;4057;478,76K;1,12%
01/08/2016;4006;4135;4188;3982;533,02K;-3,70%
02/08/2016;3951;4008;4091;3926;534,51K;-1,37%
03/08/2016;4083;3970;4120;3919;655,19K;3,34%
04/08/2016;4193;4116;4208;4043;598,84K;2,69%
05/08/2016;4180;4184;4210;4106;550,19K;-0,31%
08/08/2016;4302;4199;4339;4181;562,53K;2,92%
09/08/2016;4277;4283;4352;4247;624,70K;-0,58%
10/08/2016;4171;4274;4339;4142;676,15K;-2,48%
11/08/2016;4349;4148;4386;4110;682,24K;4,27%
12/08/2016;4449;4346;4478;4331;536,08K;2,30%
15/08/2016;4574;4474;4593;4438;522,53K;2,81%
16/08/2016;4658;4559;4673;4534;550,44K;1,84%
17/08/2016;4679;4637;4695;4584;563,35K;0,45%
18/08/2016;4822;4690;4838;4663;229,28K;3,06%
19/08/2016;4852;4833;4875;4793;162,44K;0,62%
22/08/2016;4705;4840;4840;4675;36,53K;-3,03%
23/08/2016;4810;4739;4832;4659;623,90K;2,23%
24/08/2016;4677;4759;4774;4645;603,50K;-2,77%
25/08/2016;4733;4680;4746;4642;458,82K;1,20%
26/08/2016;4764;4737;4846;4694;558,34K;0,65%
29/08/2016;4698;4722;4728;4662;309,25K;-1,39%
30/08/2016;4635;4698;4749;4621;464,45K;-1,34%
31/08/2016;4470;4624;4641;4451;549,01K;-3,56%
01/09/2016;4316;4485;4508;4300;605,00K;-3,45%
02/09/2016;4444;4355;4467;4316;576,92K;2,97%
04/09/2016;4411;4415;4438;4410;-;-0,74%
05/09/2016;4507;4412;4653;4407;-;2,18%
06/09/2016;4483;4415;4653;4384;932,15K;-0,53%
07/09/2016;4550;4485;4617;4455;572,88K;1,49%
08/09/2016;4762;4612;4775;4577;761,94K;4,66%
09/09/2016;4588;4736;4736;4556;688,19K;-3,65%
12/09/2016;4629;4557;4651;4472;745,02K;0,89%
13/09/2016;4490;4606;4613;4477;657,78K;-3,00%
14/09/2016;4358;4500;4533;4342;705,86K;-2,94%
15/09/2016;4391;4370;4434;4326;537,19K;0,76%
16/09/2016;4303;4371;4375;4274;231,19K;-2,00%
19/09/2016;4330;4318;4415;4312;129,86K;0,63%
20/09/2016;4344;4313;4405;4255;37,38K;0,32%
21/09/2016;4534;4450;4565;4450;585,99K;4,37%
22/09/2016;4632;4562;4652;4552;521,68K;2,16%
23/09/2016;4448;4607;4655;4422;718,40K;-3,97%
26/09/2016;4593;4462;4620;4443;527,12K;3,26%
27/09/2016;4467;4562;4596;4419;630,76K;-2,74%
28/09/2016;4705;4496;4745;4435;1,01M;5,33%
29/09/2016;4783;4720;4832;4660;702,65K;1,66%
30/09/2016;4824;4776;4830;4704;496,52K;0,86%
03/10/2016;4881;4804;4902;4778;458,02K;1,18%
04/10/2016;4869;4865;4926;4826;513,71K;-0,25%
05/10/2016;4983;4926;4997;4910;520,07K;2,34%
06/10/2016;5044;4965;5063;4933;547,92K;1,22%
07/10/2016;4981;5059;5074;4940;618,81K;-1,25%
10/10/2016;5135;4957;5160;4915;686,07K;3,09%
11/10/2016;5079;5110;5154;5039;765,61K;-1,09%
12/10/2016;5018;5084;5117;4989;533,88K;-1,20%
13/10/2016;5044;5000;5059;4936;740,68K;0,52%
14/10/2016;5035;5058;5114;4990;519,43K;-0,18%
17/10/2016;4994;5023;5058;4947;418,72K;-0,81%
18/10/2016;5029;5004;5078;4976;192,80K;0,70%
19/10/2016;5160;5077;5193;5069;132,43K;2,60%
20/10/2016;5043;5140;5158;5025;24,86K;-2,27%
21/10/2016;5085;5066;5102;5021;551,30K;0,83%
24/10/2016;5052;5085;5098;4962;623,40K;-0,65%
25/10/2016;4996;5049;5093;4927;553,78K;-1,11%
26/10/2016;4918;4931;5010;4887;679,32K;-1,56%
27/10/2016;4972;4922;5006;4900;543,17K;1,10%
28/10/2016;4870;4961;4981;4842;550,08K;-2,05%
31/10/2016;4686;4825;4874;4663;649,24K;-3,78%
01/11/2016;4667;4677;4735;4620;834,99K;-0,41%
02/11/2016;4534;4632;4647;4496;674,32K;-2,85%
03/11/2016;4466;4548;4590;4437;540,44K;-1,50%
04/11/2016;4407;4463;4487;4357;736,69K;-1,32%
07/11/2016;4489;4445;4501;4411;605,73K;1,86%
08/11/2016;4498;4497;4539;4441;669,64K;0,20%
09/11/2016;4527;4482;4595;4307;946,51K;0,64%
10/11/2016;4466;4531;4564;4425;686,34K;-1,35%
11/11/2016;4341;4435;4463;4303;631,14K;-2,80%
14/11/2016;4332;4320;4381;4220;704,77K;-0,21%
15/11/2016;4581;4376;4609;4355;706,18K;5,75%
16/11/2016;4557;4577;4641;4503;658,17K;-0,52%
17/11/2016;4542;4537;4658;4488;284,87K;-0,33%
18/11/2016;4569;4493;4577;4455;155,65K;0,59%
21/11/2016;4749;4583;4780;4577;34,92K;3,94%
22/11/2016;4803;4837;4920;4717;826,21K;1,14%
23/11/2016;4796;4794;4843;4740;556,86K;-0,15%
24/11/2016;4798;4803;4826;4780;-;0,04%
25/11/2016;4606;4797;4826;4588;465,98K;-4,00%
28/11/2016;4708;4543;4765;4514;734,38K;2,21%
29/11/2016;4523;4688;4698;4482;732,82K;-3,93%
30/11/2016;4944;4524;4990;4522;1,31M;9,31%
01/12/2016;5106;4907;5180;4898;974,81K;3,28%
02/12/2016;5168;5101;5173;5018;667,10K;1,21%
05/12/2016;5179;5146;5242;5093;600,78K;0,21%
06/12/2016;5093;5097;5160;5028;642,75K;-1,66%
07/12/2016;4977;5093;5120;4972;816,88K;-2,28%
08/12/2016;5084;4988;5098;4961;780,06K;2,15%
09/12/2016;5150;5092;5166;5086;652,04K;1,30%
12/12/2016;5283;5258;5451;5218;847,03K;2,58%
13/12/2016;5298;5251;5341;5235;638,40K;0,28%
14/12/2016;5104;5245;5278;5067;677,96K;-3,66%
15/12/2016;5090;5079;5148;4995;551,76K;-0,27%
16/12/2016;5190;5110;5208;5050;252,57K;1,96%
19/12/2016;5212;5215;5252;5151;129,99K;0,42%
20/12/2016;5223;5211;5270;5185;26,17K;0,21%
21/12/2016;5249;5356;5379;5232;471,99K;0,50%
22/12/2016;5295;5252;5319;5208;393,49K;0,88%
23/12/2016;5302;5268;5328;5226;285,17K;0,13%
26/12/2016;5319;5333;5334;5314;-;0,32%
27/12/2016;5390;5329;5410;5303;277,31K;1,33%
28/12/2016;5406;5393;5437;5356;322,54K;0,30%
29/12/2016;5377;5366;5421;5346;360,19K;-0,54%
30/12/2016;5372;5387;5409;5341;271,09K;-0,09%
02/01/2017;5403;5409;5418;5401;-;0,58%
03/01/2017;5233;5420;5524;5211;727,79K;-3,15%
04/01/2017;5326;5249;5343;5215;512,64K;1,78%
05/01/2017;5376;5339;5412;5279;517,36K;0,94%
06/01/2017;5399;5373;5432;5332;528,33K;0,43%
09/01/2017;5196;5375;5383;5176;564,89K;-3,76%
10/01/2017;5082;5183;5237;5071;632,57K;-2,19%
11/01/2017;5225;5081;5278;5075;815,85K;2,81%
12/01/2017;5301;5237;5350;5212;660,70K;1,45%
13/01/2017;5237;5305;5317;5227;477,99K;-1,21%
15/01/2017;5245;5253;5256;5239;-;0,15%
16/01/2017;5252;5246;5272;5213;-;0,13%
17/01/2017;5248;5255;5352;5212;606,02K;-0,08%
18/01/2017;5108;5252;5279;5091;236,24K;-2,67%
19/01/2017;5137;5139;5187;5102;122,59K;0,57%
20/01/2017;5242;5145;5290;5139;-;2,04%
23/01/2017;5275;5333;5347;5221;455,33K;0,63%
24/01/2017;5318;5286;5356;5267;520,29K;0,82%
25/01/2017;5275;5295;5347;5256;589,71K;-0,81%
26/01/2017;5378;5296;5406;5279;578,07K;1,95%
27/01/2017;5317;5374;5408;5258;495,56K;-1,13%
30/01/2017;5263;5315;5346;5241;486,31K;-1,02%
31/01/2017;5281;5260;5356;5224;586,68K;0,34%
01/02/2017;5388;5276;5391;5264;577,24K;2,03%
02/02/2017;5354;5357;5434;5335;492,55K;-0,63%
03/02/2017;5383;5368;5422;5340;462,62K;0,54%
06/02/2017;5301;5381;5413;5291;425,09K;-1,52%
07/02/2017;5217;5314;5324;5163;624,06K;-1,58%
08/02/2017;5234;5164;5267;5122;767,38K;0,33%
09/02/2017;5300;5237;5321;5237;610,20K;1,26%
10/02/2017;5386;5315;5413;5290;596,45K;1,62%
13/02/2017;5293;5380;5395;5277;586,03K;-1,73%
14/02/2017;5320;5291;5372;5286;493,02K;0,51%
15/02/2017;5311;5300;5351;5273;463,64K;-0,17%
16/02/2017;5336;5301;5359;5268;343,36K;0,47%
17/02/2017;5340;5347;5352;5288;195,35K;0,07%
19/02/2017;5379;5386;5396;5378;-;0,73%
20/02/2017;5397;5378;5424;5373;-;0,33%
21/02/2017;5406;5348;5468;5335;44,05K;0,17%
22/02/2017;5359;5426;5460;5335;499,48K;-0,87%
23/02/2017;5445;5391;5494;5387;529,88K;1,60%
24/02/2017;5399;5433;5451;5376;395,26K;-0,84%
27/02/2017;5405;5402;5461;5394;394,38K;0,11%
28/02/2017;5401;5404;5423;5318;593,91K;-0,07%
01/03/2017;5383;5395;5444;5363;491,29K;-0,33%
02/03/2017;5261;5369;5380;5254;638,39K;-2,27%
03/03/2017;5333;5258;5339;5255;436,36K;1,37%
06/03/2017;5320;5319;5356;5276;503,69K;-0,24%
07/03/2017;5314;5317;5380;5271;494,68K;-0,11%
08/03/2017;5028;5279;5292;5005;963,39K;-5,38%
09/03/2017;4928;5022;5084;4859;1,07M;-1,99%
10/03/2017;4849;4961;5011;4831;796,96K;-1,60%
13/03/2017;4840;4845;4868;4790;601,36K;-0,19%
14/03/2017;4772;4845;4879;4709;857,71K;-1,40%
15/03/2017;4886;4876;4904;4816;655,79K;2,39%
16/03/2017;4875;4901;4962;4845;516,85K;-0,23%
17/03/2017;4878;4879;4920;4860;172,34K;0,06%
20/03/2017;4822;4870;4874;4784;142,26K;-1,15%
21/03/2017;4734;4793;4873;4723;28,08K;-1,82%
22/03/2017;4804;4816;4832;4701;680,85K;1,48%
23/03/2017;4770;4815;4848;4758;499,88K;-0,71%
24/03/2017;4797;4767;4820;4754;421,03K;0,57%
27/03/2017;4773;4812;4828;4708;466,18K;-0,50%
28/03/2017;4837;4789;4874;4780;502,38K;1,34%
29/03/2017;4951;4847;4963;4838;548,62K;2,36%
30/03/2017;5035;4960;5047;4927;580,67K;1,70%
31/03/2017;5060;5032;5085;4990;527,61K;0,50%
03/04/2017;5024;5069;5083;5012;440,72K;-0,71%
04/04/2017;5103;5024;5130;4988;532,05K;1,57%
05/04/2017;5115;5118;5188;5074;651,40K;0,24%
06/04/2017;5170;5080;5182;5077;473,02K;1,08%
07/04/2017;5224;5170;5294;5149;796,44K;1,04%
10/04/2017;5308;5231;5318;5229;565,44K;1,61%
11/04/2017;5340;5313;5345;5270;598,00K;0,60%
12/04/2017;5311;5340;5376;5271;629,81K;-0,54%
13/04/2017;5318;5285;5339;5282;480,84K;0,13%
17/04/2017;5265;5297;5321;5255;326,34K;-1,00%
18/04/2017;5241;5275;5285;5210;202,04K;-0,46%
19/04/2017;5044;5236;5265;5009;133,17K;-3,76%
20/04/2017;5027;5063;5097;5018;33,75K;-0,34%
21/04/2017;4962;5071;5093;4920;687,47K;-1,29%
24/04/2017;4923;4968;5022;4903;517,90K;-0,79%
25/04/2017;4956;4922;4983;4887;587,24K;0,67%
26/04/2017;4962;4936;5020;4894;655,72K;0,12%
27/04/2017;4897;4922;4943;4820;771,19K;-1,31%
28/04/2017;4933;4927;4976;4880;633,99K;0,74%
01/05/2017;4884;4917;4932;4859;364,39K;-0,99%
02/05/2017;4766;4878;4928;4735;702,38K;-2,42%
03/05/2017;4782;4812;4823;4730;691,32K;0,34%
04/05/2017;4552;4760;4775;4529;943,96K;-4,81%
05/05/2017;4622;4551;4668;4376;1,02M;1,54%
08/05/2017;4643;4635;4698;4573;785,06K;0,45%
09/05/2017;4588;4649;4678;4553;701,94K;-1,18%
10/05/2017;4733;4618;4778;4601;819,80K;3,16%
11/05/2017;4783;4739;4822;4734;661,78K;1,06%
12/05/2017;4784;4781;4807;4735;537,49K;0,02%
15/05/2017;4885;4785;4966;4775;687,15K;2,11%
16/05/2017;4866;4882;4938;4817;589,21K;-0,39%
17/05/2017;4907;4823;4950;4803;650,11K;0,84%
18/05/2017;4935;4893;4960;4805;242,75K;0,57%
19/05/2017;5033;4928;5053;4928;146,45K;1,99%
22/05/2017;5073;5060;5106;5044;30,01K;0,79%
23/05/2017;5147;5104;5179;5057;584,14K;1,46%
24/05/2017;5136;5144;5188;5103;736,34K;-0,21%
25/05/2017;4890;5125;5200;4845;1,15M;-4,79%
26/05/2017;4980;4875;4994;4818;763,92K;1,84%
28/05/2017;4994;4993;5004;4985;-;0,28%
29/05/2017;4997;4995;5029;4952;-;0,06%
30/05/2017;4966;4993;5028;4903;663,49K;-0,62%
31/05/2017;4832;4965;4971;4773;779,14K;-2,70%
01/06/2017;4836;4863;4917;4790;774,48K;0,08%
02/06/2017;4766;4804;4819;4674;802,66K;-1,45%
05/06/2017;4740;4771;4842;4686;710,20K;-0,55%
06/06/2017;4819;4740;4840;4694;825,06K;1,67%
07/06/2017;4572;4798;4823;4565;1,18M;-5,13%
08/06/2017;4564;4585;4618;4520;927,70K;-0,17%
09/06/2017;4583;4571;4618;4527;735,93K;0,42%
12/06/2017;4608;4580;4671;4566;666,77K;0,55%
13/06/2017;4646;4601;4657;4556;783,32K;0,82%
14/06/2017;4473;4594;4649;4454;924,41K;-3,72%
15/06/2017;4446;4469;4481;4422;500,94K;-0,60%
16/06/2017;4474;4425;4494;4424;191,82K;0,63%
19/06/2017;4420;4468;4506;4405;123,94K;-1,21%
20/06/2017;4323;4411;4440;4275;29,57K;-2,19%
21/06/2017;4253;4338;4420;4205;1,07M;-1,62%
22/06/2017;4274;4255;4332;4226;668,83K;0,49%
23/06/2017;4301;4280;4320;4253;690,91K;0,63%
26/06/2017;4338;4316;4365;4263;661,35K;0,86%
27/06/2017;4424;4349;4444;4332;759,12K;1,98%
28/06/2017;4474;4370;4490;4367;753,38K;1,13%
29/06/2017;4493;4489;4545;4465;768,95K;0,42%
30/06/2017;4604;4489;4635;4488;677,41K;2,47%
03/07/2017;4707;4628;4710;4592;517,62K;2,24%
04/07/2017;4713;4706;4731;4674;-;0,13%
05/07/2017;4513;4704;4732;4451;1,17M;-4,24%
06/07/2017;4552;4565;4653;4518;969,68K;0,86%
07/07/2017;4423;4535;4542;4378;975,91K;-2,83%
10/07/2017;4440;4435;4484;4365;848,57K;0,38%
11/07/2017;4504;4458;4581;4383;1,01M;1,44%
12/07/2017;4549;4574;4648;4511;963,51K;1,00%
13/07/2017;4608;4544;4628;4499;748,97K;1,30%
14/07/2017;4654;4608;4674;4580;742,90K;1,00%
17/07/2017;4602;4668;4688;4589;560,63K;-1,12%
18/07/2017;4640;4599;4692;4581;208,42K;0,83%
19/07/2017;4712;4625;4726;4614;140,68K;1,55%
20/07/2017;4679;4709;4755;4666;23,24K;-0,70%
21/07/2017;4577;4691;4721;4554;769,44K;-2,18%
24/07/2017;4634;4562;4653;4540;707,91K;1,25%
25/07/2017;4789;4646;4866;4638;885,70K;3,34%
26/07/2017;4875;4851;4887;4786;887,86K;1,80%
27/07/2017;4904;4870;4924;4825;880,76K;0,59%
28/07/2017;4971;4917;4981;4886;771,23K;1,37%
31/07/2017;5017;4985;5041;4918;781,54K;0,93%
01/08/2017;4916;5021;5043;4837;1,01M;-2,01%
02/08/2017;4959;4880;4965;4855;847,72K;0,87%
03/08/2017;4903;4959;4996;4878;837,76K;-1,13%
04/08/2017;4958;4895;4964;4850;745,66K;1,12%
07/08/2017;4939;4959;4973;4854;831,37K;-0,38%
08/08/2017;4917;4931;4979;4886;924,24K;-0,45%
09/08/2017;4956;4900;4972;4890;858,25K;0,79%
10/08/2017;4859;4968;5022;4835;1,14M;-1,96%
11/08/2017;4882;4852;4898;4798;804,24K;0,47%
14/08/2017;4759;4879;4916;4743;763,24K;-2,52%
15/08/2017;4755;4749;4790;4702;770,36K;-0,08%
16/08/2017;4678;4772;4799;4667;815,54K;-1,62%
17/08/2017;4709;4680;4719;4646;608,31K;0,66%
18/08/2017;4851;4693;4874;4678;253,07K;3,02%
21/08/2017;4737;4872;4875;4703;129,19K;-2,35%
22/08/2017;4764;4745;4803;4720;38,40K;0,57%
23/08/2017;4841;4764;4850;4753;701,69K;1,62%
24/08/2017;4743;4836;4843;4706;831,36K;-2,02%
25/08/2017;4787;4762;4791;4739;646,52K;0,93%
28/08/2017;4657;4789;4820;4615;921,29K;-2,72%
29/08/2017;4644;4686;4696;4576;895,64K;-0,28%
30/08/2017;4596;4631;4672;4584;882,98K;-1,03%
31/08/2017;4723;4595;4747;4558;915,71K;2,76%
01/09/2017;4729;4708;4735;4656;742,81K;0,13%
03/09/2017;4732;4731;4742;4730;-;0,06%
04/09/2017;4741;4731;4766;4716;-;0,19%
05/09/2017;4866;4728;4898;4715;1,03M;2,64%
06/09/2017;4916;4859;4942;4852;788,96K;1,03%
07/09/2017;4909;4914;4933;4863;702,51K;-0,14%
08/09/2017;4748;4909;4926;4727;843,76K;-3,28%
11/09/2017;4807;4758;4827;4700;774,47K;1,24%
12/09/2017;4823;4812;4844;4773;676,04K;0,33%
13/09/2017;4930;4834;4940;4812;706,93K;2,22%
14/09/2017;4989;4931;5050;4915;709,04K;1,20%
15/09/2017;4989;4972;5013;4941;433,60K;0,00%
18/09/2017;4991;4985;5033;4919;189,61K;0,04%
19/09/2017;4948;4991;5042;4933;143,38K;-0,86%
20/09/2017;5041;4984;5065;4975;35,49K;1,88%
21/09/2017;5055;5072;5081;5007;580,57K;0,28%
22/09/2017;5066;5073;5078;5029;473,80K;0,22%
25/09/2017;5222;5068;5228;5039;701,24K;3,08%
26/09/2017;5188;5212;5243;5143;709,52K;-0,65%
27/09/2017;5214;5209;5234;5163;637,04K;0,50%
28/09/2017;5156;5205;5286;5122;801,82K;-1,11%
29/09/2017;5167;5158;5177;5125;551,98K;0,21%
02/10/2017;5058;5164;5171;5007;600,93K;-2,11%
03/10/2017;5042;5059;5073;5014;462,74K;-0,32%
04/10/2017;4998;5016;5067;4976;598,84K;-0,87%
05/10/2017;5079;4988;5122;4985;654,39K;1,62%
06/10/2017;4929;5075;5082;4910;743,11K;-2,95%
09/10/2017;4958;4925;4979;4913;505,08K;0,59%
10/10/2017;5092;4955;5106;4954;664,84K;2,70%
11/10/2017;5130;5094;5142;5061;651,95K;0,75%
12/10/2017;5060;5100;5113;5015;729,27K;-1,36%
13/10/2017;5145;5073;5172;5070;667,50K;1,68%
16/10/2017;5187;5143;5237;5135;520,73K;0,82%
17/10/2017;5188;5193;5225;5121;471,61K;0,02%
18/10/2017;5204;5194;5233;5169;152,62K;0,31%
19/10/2017;5129;5205;5217;5107;127,41K;-1,44%
20/10/2017;5147;5142;5173;5070;32,96K;0,35%
23/10/2017;5190;5207;5230;5168;583,56K;0,84%
24/10/2017;5247;5189;5262;5155;709,55K;1,10%
25/10/2017;5218;5256;5257;5189;681,74K;-0,55%
26/10/2017;5264;5219;5286;5191;594,65K;0,88%
27/10/2017;5390;5280;5420;5225;730,92K;2,39%
30/10/2017;5415;5416;5446;5375;565,04K;0,46%
31/10/2017;5438;5408;5485;5393;497,30K;0,42%
01/11/2017;5430;5465;5522;5389;671,04K;-0,15%
02/11/2017;5454;5428;5484;5399;482,85K;0,44%
03/11/2017;5564;5473;5576;5440;614,16K;2,02%
06/11/2017;5735;5597;5761;5566;861,71K;3,07%
07/11/2017;5720;5727;5769;5683;750,19K;-0,26%
08/11/2017;5681;5696;5792;5641;919,15K;-0,68%
09/11/2017;5717;5685;5753;5669;666,95K;0,63%
10/11/2017;5674;5702;5735;5655;541,30K;-0,75%
13/11/2017;5676;5690;5715;5630;631,62K;0,04%
14/11/2017;5570;5672;5677;5481;707,34K;-1,87%
15/11/2017;5533;5506;5556;5488;501,39K;-0,66%
16/11/2017;5514;5530;5562;5493;213,92K;-0,34%
17/11/2017;5655;5525;5668;5518;184,94K;2,56%
20/11/2017;5609;5669;5676;5557;37,70K;-0,81%
21/11/2017;5683;5638;5722;5632;619,07K;1,32%
22/11/2017;5802;5712;5815;5703;837,41K;2,09%
23/11/2017;5838;5797;5858;5776;-;0,62%
24/11/2017;5895;5805;5905;5775;577,83K;0,98%
27/11/2017;5811;5895;5899;5755;690,08K;-1,42%
28/11/2017;5799;5786;5811;5742;546,53K;-0,21%
29/11/2017;5730;5773;5830;5675;741,56K;-1,19%
30/11/2017;5740;5741;5798;5682;735,13K;0,17%
01/12/2017;5836;5742;5888;5729;685,22K;1,67%
04/12/2017;5747;5832;5834;5735;529,97K;-1,53%
05/12/2017;5762;5748;5792;5708;499,25K;0,26%
06/12/2017;5596;5745;5757;5587;678,99K;-2,88%
07/12/2017;5669;5600;5678;5582;557,33K;1,30%
08/12/2017;5736;5665;5779;5654;681,60K;1,18%
11/12/2017;5799;5725;5808;5691;606,72K;1,10%
12/12/2017;5714;5802;5856;5685;826,49K;-1,47%
13/12/2017;5660;5745;5783;5655;658,14K;-0,95%
14/12/2017;5704;5670;5722;5609;580,57K;0,78%
15/12/2017;5730;5715;5749;5694;210,05K;0,46%
18/12/2017;5716;5737;5778;5682;137,15K;-0,24%
19/12/2017;5746;5730;5764;5716;36,29K;0,52%
20/12/2017;5809;5766;5812;5744;420,84K;1,10%
21/12/2017;5836;5802;5838;5763;405,32K;0,46%
22/12/2017;5847;5821;5850;5787;324,55K;0,19%
25/12/2017;5859;5841;5862;5838;-;0,21%
26/12/2017;5997;5840;6001;5832;437,79K;2,36%
27/12/2017;5964;5979;5993;5933;402,40K;-0,55%
28/12/2017;5984;5953;5994;5944;345,96K;0,34%
29/12/2017;6042;5991;6051;5982;464,48K;0,97%
01/01/2018;6024;6026;6028;6015;-;-0,30%
02/01/2018;6037;6020;6074;6010;510,31K;0,22%
03/01/2018;6163;6039;6197;6028;673,86K;2,09%
04/01/2018;6201;6196;6221;6159;654,36K;0,62%
05/01/2018;6144;6190;6204;6109;563,04K;-0,92%
08/01/2018;6173;6161;6197;6134;616,47K;0,47%
09/01/2018;6296;6192;6348;6180;844,72K;1,99%
10/01/2018;6357;6341;6367;6309;697,84K;0,97%
11/01/2018;6380;6350;6477;6343;876,64K;0,36%
12/01/2018;6430;6357;6450;6306;678,73K;0,78%
14/01/2018;6428;6442;6444;6419;-;-0,03%
15/01/2018;6473;6428;6489;6411;-;0,70%
16/01/2018;6373;6443;6489;6339;867,77K;-1,54%
17/01/2018;6397;6389;6417;6331;444,38K;0,38%
18/01/2018;6395;6407;6435;6347;204,50K;-0,03%
19/01/2018;6337;6374;6377;6285;142,71K;-0,91%
22/01/2018;6349;6361;6414;6317;40,06K;0,19%
23/01/2018;6447;6388;6488;6370;662,46K;1,54%
24/01/2018;6561;6442;6605;6434;887,02K;1,77%
25/01/2018;6551;6588;6666;6508;771,76K;-0,15%
26/01/2018;6614;6525;6635;6491;678,19K;0,96%
29/01/2018;6556;6618;6646;6498;656,17K;-0,88%
30/01/2018;6450;6553;6556;6389;688,38K;-1,62%
31/01/2018;6473;6403;6494;6367;613,26K;0,36%
01/02/2018;6580;6476;6625;6463;685,75K;1,65%
02/02/2018;6545;6599;6630;6447;857,57K;-0,53%
05/02/2018;6415;6510;6540;6342;891,06K;-1,99%
06/02/2018;6339;6343;6429;6312;797,81K;-1,18%
07/02/2018;6179;6392;6418;6125;1,03M;-2,52%
08/02/2018;6115;6170;6209;6027;929,58K;-1,04%
09/02/2018;5920;6043;6077;5807;933,31K;-3,19%
12/02/2018;5929;5912;6083;5910;736,92K;0,15%
13/02/2018;5919;5935;5973;5839;580,60K;-0,17%
14/02/2018;6060;5898;6090;5820;650,32K;2,38%
15/02/2018;6134;6071;6164;5972;340,40K;1,22%
16/02/2018;6168;6145;6199;6088;181,18K;0,55%
18/02/2018;6172;6151;6174;6151;-;0,06%
19/02/2018;6238;6171;6249;6167;-;1,07%
20/02/2018;6190;6163;6274;6158;50,21K;-0,77%
21/02/2018;6168;6163;6186;6092;466,92K;-0,36%
22/02/2018;6277;6134;6309;6075;592,60K;1,77%
23/02/2018;6355;6260;6373;6233;460,60K;1,24%
26/02/2018;6391;6360;6424;6306;469,85K;0,57%
27/02/2018;6301;6406;6408;6264;562,67K;-1,41%
28/02/2018;6164;6279;6344;6136;768,41K;-2,17%
01/03/2018;6099;6155;6183;6018;812,51K;-1,05%
02/03/2018;6125;6134;6160;6013;613,51K;0,43%
05/03/2018;6257;6155;6279;6110;599,27K;2,16%
06/03/2018;6260;6258;6328;6217;634,95K;0,05%
07/03/2018;6115;6230;6258;6058;879,12K;-2,32%
08/03/2018;6012;6133;6140;5995;720,51K;-1,68%
09/03/2018;6204;6027;6218;6014;659,72K;3,19%
12/03/2018;6136;6210;6233;6067;537,99K;-1,10%
13/03/2018;6071;6137;6197;6027;747,74K;-1,06%
14/03/2018;6096;6087;6133;6011;665,02K;0,41%
15/03/2018;6119;6095;6154;6082;430,20K;0,38%
16/03/2018;6234;6119;6254;6108;202,49K;1,88%
19/03/2018;6206;6223;6235;6136;115,96K;-0,45%
20/03/2018;6340;6210;6381;6208;36,06K;2,16%
21/03/2018;6517;6372;6555;6358;763,77K;2,79%
22/03/2018;6430;6550;6574;6414;689,17K;-1,33%
23/03/2018;6588;6428;6600;6411;752,99K;2,46%
26/03/2018;6555;6590;6655;6508;585,90K;-0,50%
27/03/2018;6525;6553;6641;6453;670,81K;-0,46%
28/03/2018;6438;6470;6513;6372;697,68K;-1,33%
29/03/2018;6494;6469;6526;6416;562,82K;0,87%
02/04/2018;6301;6491;6542;6280;582,74K;-2,97%
03/04/2018;6351;6289;6386;6286;527,29K;0,79%
04/04/2018;6337;6359;6364;6206;760,60K;-0,22%
05/04/2018;6354;6360;6412;6307;588,60K;0,27%
06/04/2018;6206;6370;6379;6181;753,26K;-2,33%
09/04/2018;6342;6200;6361;6193;655,83K;2,19%
10/04/2018;6551;6330;6586;6320;840,28K;3,30%
11/04/2018;6682;6559;6745;6515;963,02K;2,00%
12/04/2018;6707;6675;6733;6600;687,47K;0,37%
13/04/2018;6739;6718;6776;6670;624,20K;0,48%
16/04/2018;6622;6724;6774;6613;560,08K;-1,74%
17/04/2018;6652;6642;6675;6556;486,08K;0,45%
18/04/2018;6847;6668;6891;6656;221,66K;2,93%
19/04/2018;6829;6875;6956;6798;125,99K;-0,26%
20/04/2018;6838;6826;6862;6750;32,95K;0,13%
23/04/2018;6864;6822;6903;6714;740,94K;0,38%
24/04/2018;6770;6895;6938;6754;832,30K;-1,37%
25/04/2018;6805;6775;6818;6711;764,05K;0,52%
26/04/2018;6819;6803;6878;6771;660,55K;0,21%
27/04/2018;6810;6821;6836;6764;542,55K;-0,13%
30/04/2018;6857;6815;6934;6717;755,19K;0,69%
01/05/2018;6725;6856;6890;6685;694,77K;-1,93%
02/05/2018;6793;6749;6814;6692;789,37K;1,01%
03/05/2018;6843;6768;6860;6721;691,22K;0,74%
04/05/2018;6972;6850;6997;6812;690,88K;1,89%
07/05/2018;7073;6985;7084;6951;758,92K;1,45%
08/05/2018;6906;7003;7040;6763;1,25M;-2,36%
09/05/2018;7114;7005;7136;6985;863,39K;3,01%
10/05/2018;7136;7123;7189;7056;749,81K;0,31%
11/05/2018;7070;7145;7163;7045;634,15K;-0,92%
14/05/2018;7096;7054;7126;7026;592,83K;0,37%
15/05/2018;7131;7115;7192;7042;815,29K;0,49%
16/05/2018;7149;7102;7159;7066;574,28K;0,25%
17/05/2018;7149;7156;7230;7109;562,64K;0,00%
18/05/2018;7128;7160;7175;7099;211,79K;-0,29%
21/05/2018;7224;7147;7259;7125;119,89K;1,35%
22/05/2018;7213;7253;7283;7190;31,97K;-0,15%
23/05/2018;7184;7211;7226;7119;702,79K;-0,40%
24/05/2018;7071;7183;7200;7052;640,73K;-1,57%
25/05/2018;6788;7065;7080;6742;955,35K;-4,00%
27/05/2018;6736;6744;6748;6702;-;-0,77%
28/05/2018;6705;6739;6741;6581;-;-0,46%
29/05/2018;6673;6755;6755;6580;1,06M;-0,48%
30/05/2018;6821;6685;6867;6635;726,89K;2,22%
31/05/2018;6704;6824;6830;6656;917,56K;-1,72%
01/06/2018;6581;6707;6734;6551;781,10K;-1,83%
04/06/2018;6475;6571;6604;6457;696,05K;-1,61%
05/06/2018;6552;6494;6557;6422;714,67K;1,19%
06/06/2018;6473;6551;6596;6427;708,83K;-1,21%
07/06/2018;6595;6507;6607;6481;675,04K;1,88%
08/06/2018;6574;6598;6624;6515;571,22K;-0,32%
11/06/2018;6610;6556;6635;6485;558,28K;0,55%
12/06/2018;6636;6605;6670;6587;524,41K;0,39%
13/06/2018;6664;6601;6689;6552;626,40K;0,42%
14/06/2018;6689;6662;6716;6636;460,17K;0,38%
15/06/2018;6506;6700;6709;6429;512,59K;-2,74%
18/06/2018;6585;6440;6598;6359;218,93K;1,21%
19/06/2018;6507;6582;6590;6439;122,65K;-1,18%
20/06/2018;6622;6511;6653;6501;30,65K;1,77%
21/06/2018;6554;6534;6622;6434;760,72K;-1,03%
22/06/2018;6858;6593;6938;6571;1,14M;4,64%
25/06/2018;6808;6875;6944;6778;816,21K;-0,73%
26/06/2018;7053;6821;7091;6772;848,54K;3,60%
27/06/2018;7276;7068;7306;7056;775,16K;3,16%
28/06/2018;7345;7227;7403;7220;717,35K;0,95%
29/06/2018;7415;7333;7446;7293;602,40K;0,95%
02/07/2018;7394;7362;7435;7251;652,17K;-0,28%
03/07/2018;7414;7408;7527;7273;667,24K;0,27%
04/07/2018;7413;7462;7476;7352;-;-0,01%
05/07/2018;7294;7423;7490;7253;841,63K;-1,61%
06/07/2018;7380;7316;7401;7214;611,42K;1,18%
09/07/2018;7385;7387;7428;7299;533,00K;0,07%
10/07/2018;7411;7404;7470;7365;586,83K;0,35%
11/07/2018;7038;7420;7426;7002;861,73K;-5,03%
12/07/2018;7033;7060;7124;6923;707,89K;-0,07%
13/07/2018;7101;7038;7166;6984;530,28K;0,97%
16/07/2018;6806;7052;7087;6758;530,48K;-4,15%
17/07/2018;6808;6803;6844;6703;440,73K;0,03%
18/07/2018;6876;6761;6906;6704;187,31K;1,00%
19/07/2018;6946;6900;7017;6780;103,22K;1,02%
20/07/2018;7046;6939;7110;6937;25,56K;1,44%
23/07/2018;6789;6817;6931;6760;555,92K;-3,65%
24/07/2018;6852;6780;6905;6756;524,59K;0,93%
25/07/2018;6930;6877;6970;6820;622,91K;1,14%
26/07/2018;6961;6938;6992;6892;489,06K;0,45%
27/07/2018;6869;6958;6977;6826;460,45K;-1,32%
30/07/2018;7013;6901;7043;6880;463,01K;2,10%
31/07/2018;6876;7005;7022;6798;519,07K;-1,95%
01/08/2018;6766;6843;6852;6731;576,56K;-1,60%
02/08/2018;6896;6786;6936;6692;531,07K;1,92%
03/08/2018;6849;6899;6924;6787;476,62K;-0,68%
06/08/2018;6901;6865;6992;6850;495,61K;0,76%
07/08/2018;6917;6890;6983;6881;485,03K;0,23%
08/08/2018;6694;6909;6937;6632;760,31K;-3,22%
09/08/2018;6681;6679;6741;6649;509,40K;-0,19%
10/08/2018;6763;6674;6787;6614;524,49K;1,23%
13/08/2018;6720;6778;6795;6571;578,22K;-0,64%
14/08/2018;6704;6742;6837;6658;538,48K;-0,24%
15/08/2018;6501;6662;6690;6451;573,47K;-3,03%
16/08/2018;6546;6495;6552;6443;383,38K;0,69%
17/08/2018;6591;6547;6639;6530;171,40K;0,69%
20/08/2018;6643;6591;6668;6559;112,71K;0,79%
21/08/2018;6735;6662;6810;6652;27,15K;1,38%
22/08/2018;6786;6608;6815;6598;581,90K;0,76%
23/08/2018;6783;6807;6812;6732;450,69K;-0,04%
24/08/2018;6872;6790;6931;6778;517,80K;1,31%
27/08/2018;6887;6857;6897;6834;332,61K;0,22%
28/08/2018;6853;6893;6920;6821;426,83K;-0,49%
29/08/2018;6951;6854;6976;6837;497,10K;1,43%
30/08/2018;7025;6971;7050;6955;445,58K;1,06%
31/08/2018;6980;7006;7036;6964;419,74K;-0,64%
02/09/2018;6992;6991;6999;6988;-;0,17%
03/09/2018;7012;6991;7020;6954;-;0,29%
04/09/2018;6987;6989;7140;6908;785,98K;-0,36%
05/09/2018;6872;6943;6959;6856;542,10K;-1,65%
06/09/2018;6777;6864;6902;6700;633,82K;-1,38%
07/09/2018;6775;6788;6808;6686;530,90K;-0,03%
10/09/2018;6754;6782;6852;6733;571,17K;-0,31%
11/09/2018;6925;6753;7001;6748;676,87K;2,53%
12/09/2018;7037;6989;7126;6950;800,54K;1,62%
13/09/2018;6859;7024;7028;6835;684,94K;-2,53%
14/09/2018;6899;6879;6991;6794;611,08K;0,58%
17/09/2018;6891;6893;6972;6853;422,29K;-0,12%
18/09/2018;6985;6880;7042;6853;234,20K;1,36%
19/09/2018;7112;6971;7150;6965;125,21K;1,82%
20/09/2018;7080;7139;7181;7073;28,40K;-0,45%
21/09/2018;7078;7020;7180;6998;855,94K;-0,03%
24/09/2018;7208;7114;7274;7114;576,89K;1,84%
25/09/2018;7228;7225;7278;7189;551,28K;0,28%
26/09/2018;7157;7209;7238;7147;464,46K;-0,98%
27/09/2018;7212;7201;7260;7171;454,55K;0,77%
28/09/2018;7325;7218;7373;7188;544,05K;1,57%
01/10/2018;7530;7329;7577;7295;601,45K;2,80%
02/10/2018;7523;7542;7591;7493;463,62K;-0,09%
03/10/2018;7641;7512;7690;7430;698,82K;1,57%
04/10/2018;7433;7618;7647;7388;687,95K;-2,72%
05/10/2018;7434;7467;7522;7383;613,22K;0,01%
08/10/2018;7429;7440;7458;7307;554,94K;-0,07%
09/10/2018;7496;7421;7528;7400;623,54K;0,90%
10/10/2018;7317;7466;7508;7238;652,74K;-2,39%
11/10/2018;7097;7268;7276;7051;783,96K;-3,01%
12/10/2018;7134;7099;7201;7064;626,67K;0,52%
15/10/2018;7178;7185;7270;7085;568,61K;0,62%
16/10/2018;7192;7172;7229;7102;535,00K;0,20%
17/10/2018;6975;7217;7243;6943;651,58K;-3,02%
18/10/2018;6865;7003;7003;6847;215,34K;-1,58%
19/10/2018;6912;6868;6977;6856;108,31K;0,68%
22/10/2018;6917;6941;6965;6827;27,42K;0,07%
23/10/2018;6643;6955;6966;6574;853,27K;-3,96%
24/10/2018;6682;6617;6772;6605;775,96K;0,59%
25/10/2018;6733;6636;6765;6599;573,10K;0,76%
26/10/2018;6759;6695;6788;6620;595,21K;0,39%
29/10/2018;6704;6755;6795;6629;477,49K;-0,81%
30/10/2018;6618;6668;6726;6533;680,44K;-1,28%
31/10/2018;6531;6632;6700;6481;666,49K;-1,31%
01/11/2018;6369;6488;6539;6311;790,29K;-2,48%
02/11/2018;6314;6350;6395;6263;708,91K;-0,86%
05/11/2018;6310;6299;6414;6252;609,13K;-0,06%
06/11/2018;6221;6270;6332;6131;761,24K;-1,41%
07/11/2018;6167;6174;6318;6120;866,63K;-0,87%
08/11/2018;6067;6164;6242;6040;764,55K;-1,62%
09/11/2018;6019;6075;6079;5926;821,73K;-0,79%
12/11/2018;5993;6070;6128;5868;806,22K;-0,43%
13/11/2018;5569;5888;5935;5475;1,10M;-7,07%
14/11/2018;5625;5527;5737;5513;844,70K;1,01%
15/11/2018;5646;5602;5726;5559;256,50K;0,37%
16/11/2018;5646;5658;5796;5589;159,00K;0,00%
19/11/2018;5676;5672;5733;5508;33,58K;0,53%
20/11/2018;5343;5739;5744;5277;983,12K;-5,87%
21/11/2018;5463;5339;5586;5339;734,28K;2,25%
22/11/2018;5402;5464;5482;5353;-;-1,12%
23/11/2018;5042;5466;5482;5015;1,01M;-6,66%
26/11/2018;5163;5062;5225;5010;663,11K;2,40%
27/11/2018;5156;5154;5238;5030;764,01K;-0,14%
28/11/2018;5029;5209;5256;5006;831,69K;-2,46%
29/11/2018;5145;5031;5220;4941;812,72K;2,31%
30/11/2018;5093;5127;5179;4965;796,71K;-1,01%
03/12/2018;5295;5245;5385;5203;758,01K;3,97%
04/12/2018;5325;5313;5455;5243;738,13K;0,57%
05/12/2018;5289;5259;5444;5216;624,91K;-0,68%
06/12/2018;5149;5293;5330;5008;987,27K;-2,65%
07/12/2018;5261;5176;5422;5060;987,72K;2,18%
10/12/2018;5100;5203;5281;5053;733,23K;-3,06%
11/12/2018;5165;5089;5243;5070;665,26K;1,27%
12/12/2018;5115;5195;5288;5094;730,81K;-0,97%
13/12/2018;5258;5120;5327;5035;733,63K;2,80%
14/12/2018;5120;5283;5295;5084;526,84K;-2,62%
17/12/2018;4988;5125;5187;4901;211,26K;-2,58%
18/12/2018;4624;4916;4959;4579;120,10K;-7,30%
19/12/2018;4720;4593;4800;4593;37,16K;2,08%
20/12/2018;4588;4739;4751;4567;794,13K;-2,80%
21/12/2018;4559;4625;4677;4513;694,00K;-0,63%
24/12/2018;4253;4545;4624;4236;415,86K;-6,71%
25/12/2018;4316;4300;4325;4288;-;1,48%
26/12/2018;4622;4285;4700;4252;698,41K;7,09%
27/12/2018;4461;4658;4670;4437;665,59K;-3,48%
28/12/2018;4533;4544;4622;4442;564,39K;1,61%
31/12/2018;4541;4522;4653;4473;476,97K;0,18%
01/01/2019;4589;4577;4595;4573;-;1,06%
02/01/2019;4654;4580;4778;4435;850,48K;1,42%
03/01/2019;4709;4626;4749;4535;788,72K;1,18%
04/01/2019;4796;4690;4922;4665;817,28K;1,85%
07/01/2019;4852;4830;4979;4811;819,94K;1,17%
08/01/2019;4978;4873;4995;4831;765,98K;2,60%
09/01/2019;5236;4980;5258;4971;891,92K;5,18%
10/01/2019;5259;5218;5278;5137;821,78K;0,44%
11/01/2019;5159;5228;5331;5118;812,34K;-1,90%
14/01/2019;5051;5173;5211;5038;791,53K;-2,09%
15/01/2019;5211;5078;5230;5064;664,18K;3,17%
16/01/2019;5231;5200;5252;5126;694,18K;0,38%
17/01/2019;5207;5230;5258;5098;288,56K;-0,46%
18/01/2019;5380;5223;5392;5209;193,10K;3,32%
20/01/2019;5365;5397;5405;5359;-;-0,28%
21/01/2019;5424;5366;5448;5358;-;1,10%
22/01/2019;5257;5373;5424;5180;46,03K;-3,08%
23/01/2019;5262;5295;5364;5186;702,87K;0,10%
24/01/2019;5313;5245;5347;5207;714,42K;0,97%
25/01/2019;5369;5317;5394;5291;593,39K;1,05%
28/01/2019;5199;5356;5364;5133;650,67K;-3,17%
29/01/2019;5331;5212;5393;5184;660,53K;2,54%
30/01/2019;5423;5324;5493;5309;731,31K;1,73%
31/01/2019;5379;5428;5537;5362;718,65K;-0,81%
01/02/2019;5526;5401;5566;5337;689,57K;2,73%
04/02/2019;5456;5532;5575;5329;622,47K;-1,27%
05/02/2019;5366;5486;5521;5347;609,76K;-1,65%
06/02/2019;5401;5373;5430;5286;606,72K;0,65%
07/02/2019;5264;5394;5421;5180;749,01K;-2,54%
08/02/2019;5272;5259;5299;5208;621,00K;0,15%
11/02/2019;5241;5266;5278;5123;750,24K;-0,59%
12/02/2019;5310;5247;5405;5229;708,31K;1,32%
13/02/2019;5390;5335;5460;5327;706,55K;1,51%
14/02/2019;5441;5396;5468;5308;623,55K;0,95%
15/02/2019;5559;5448;5587;5424;276,91K;2,17%
17/02/2019;5633;5617;5639;5611;-;1,33%
18/02/2019;5627;5633;5673;5612;-;-0,11%
19/02/2019;5609;5578;5633;5529;153,73K;-0,32%
20/02/2019;5692;5594;5755;5548;37,68K;1,48%
21/02/2019;5696;5724;5761;5664;546,20K;0,07%
22/02/2019;5726;5684;5781;5671;513,44K;0,53%
25/02/2019;5548;5717;5753;5508;723,01K;-3,11%
26/02/2019;5550;5546;5608;5502;538,92K;0,04%
27/02/2019;5694;5595;5739;5572;577,23K;2,59%
28/02/2019;5722;5700;5743;5643;496,68K;0,49%
01/03/2019;5580;5722;5788;5557;684,19K;-2,48%
04/03/2019;5659;5583;5700;5581;549,40K;1,42%
05/03/2019;5656;5645;5719;5609;538,40K;-0,05%
06/03/2019;5622;5628;5640;5542;637,68K;-0,60%
07/03/2019;5666;5620;5699;5608;628,82K;0,78%
08/03/2019;5607;5643;5651;5452;747,36K;-1,04%
11/03/2019;5679;5607;5701;5596;597,16K;1,28%
12/03/2019;5687;5676;5755;5674;652,80K;0,14%
13/03/2019;5826;5709;5848;5701;610,62K;2,44%
14/03/2019;5861;5835;5874;5800;567,60K;0,60%
15/03/2019;5852;5851;5895;5774;507,39K;-0,15%
18/03/2019;5909;5845;5923;5805;157,24K;0,97%
19/03/2019;5903;5901;5957;5862;114,82K;-0,10%
20/03/2019;5983;5902;6012;5839;31,13K;1,36%
21/03/2019;5998;5999;6039;5966;655,38K;0,25%
22/03/2019;5904;5987;6007;5828;738,84K;-1,57%
25/03/2019;5882;5898;5935;5817;705,40K;-0,37%
26/03/2019;5994;5912;6038;5904;685,99K;1,90%
27/03/2019;5941;6003;6022;5881;732,15K;-0,88%
28/03/2019;5930;5940;5956;5820;712,21K;-0,19%
29/03/2019;6014;5953;6073;5941;705,56K;1,42%
01/04/2019;6159;6024;6180;6013;670,81K;2,41%
02/04/2019;6258;6181;6275;6160;793,23K;1,61%
03/04/2019;6246;6264;6299;6205;799,67K;-0,19%
04/04/2019;6210;6250;6277;6189;684,97K;-0,58%
05/04/2019;6308;6218;6334;6182;686,86K;1,58%
08/04/2019;6440;6333;6448;6313;895,77K;2,09%
09/04/2019;6398;6440;6479;6368;790,68K;-0,65%
10/04/2019;6461;6422;6470;6405;722,22K;0,98%
11/04/2019;6358;6448;6449;6331;760,50K;-1,59%
12/04/2019;6389;6371;6465;6366;625,59K;0,49%
15/04/2019;6340;6376;6384;6303;555,86K;-0,77%
16/04/2019;6405;6357;6437;6299;547,47K;1,03%
17/04/2019;6376;6432;6461;6366;235,38K;-0,45%
18/04/2019;6400;6375;6416;6346;148,24K;0,38%
22/04/2019;6570;6400;6592;6400;30,14K;2,66%
23/04/2019;6630;6575;6660;6558;700,60K;0,91%
24/04/2019;6589;6617;6643;6566;678,39K;-0,62%
25/04/2019;6521;6581;6628;6490;603,00K;-1,03%
26/04/2019;6330;6513;6518;6228;1,00M;-2,93%
29/04/2019;6350;6295;6369;6246;654,08K;0,32%
30/04/2019;6391;6358;6475;6330;750,49K;0,65%
01/05/2019;6360;6340;6393;6277;676,87K;-0,49%
02/05/2019;6181;6361;6368;6095;914,66K;-2,81%
03/05/2019;6194;6155;6252;6130;646,87K;0,21%
06/05/2019;6225;6143;6295;6004;768,81K;0,50%
07/05/2019;6140;6217;6249;6066;842,81K;-1,37%
08/05/2019;6212;6144;6237;6107;791,77K;1,17%
09/05/2019;6170;6202;6221;6092;769,58K;-0,68%
10/05/2019;6166;6164;6249;6142;786,49K;-0,06%
13/05/2019;6104;6165;6333;6064;1,00M;-1,01%
14/05/2019;6178;6086;6211;6069;751,67K;1,21%
15/05/2019;6202;6137;6234;6085;723,00K;0,39%
16/05/2019;6287;6212;6348;6208;545,68K;1,37%
17/05/2019;6276;6312;6364;6252;215,80K;-0,17%
20/05/2019;6310;6293;6381;6245;131,89K;0,54%
21/05/2019;6299;6322;6360;6275;28,91K;-0,17%
22/05/2019;6142;6295;6300;6103;766,73K;-2,49%
23/05/2019;5791;6131;6141;5733;1,11M;-5,71%
24/05/2019;5863;5821;5910;5750;758,10K;1,24%
26/05/2019;5877;5894;5900;5867;-;0,24%
27/05/2019;5916;5877;5926;5814;-;0,66%
28/05/2019;5914;5894;5957;5813;1,02M;-0,03%
29/05/2019;5881;5907;5914;5688;1,12M;-0,56%
30/05/2019;5659;5912;5970;5633;842,28K;-3,77%
31/05/2019;5350;5646;5661;5305;1,03M;-5,46%
03/06/2019;5325;5342;5463;5211;984,31K;-0,47%
04/06/2019;5348;5289;5378;5243;831,63K;0,43%
05/06/2019;5168;5286;5341;5060;943,19K;-3,37%
06/06/2019;5259;5166;5330;5117;790,07K;1,76%
07/06/2019;5399;5310;5432;5262;828,13K;2,66%
10/06/2019;5326;5424;5484;5305;687,15K;-1,35%
11/06/2019;5327;5343;5404;5291;642,94K;0,02%
12/06/2019;5114;5304;5305;5072;786,11K;-4,00%
13/06/2019;5228;5107;5345;5092;945,02K;2,23%
14/06/2019;5251;5218;5298;5170;574,23K;0,44%
17/06/2019;5193;5250;5274;5158;397,87K;-1,10%
18/06/2019;5390;5195;5431;5150;181,64K;3,79%
19/06/2019;5376;5409;5442;5328;122,84K;-0,26%
20/06/2019;5665;5412;5702;5411;27,88K;5,38%
21/06/2019;5743;5726;5798;5666;676,05K;1,38%
24/06/2019;5790;5772;5822;5675;597,16K;0,82%
25/06/2019;5783;5774;5884;5720;673,14K;-0,12%
26/06/2019;5938;5884;5993;5865;686,82K;2,68%
27/06/2019;5943;5927;5973;5861;531,41K;0,08%
28/06/2019;5847;5922;5980;5775;556,10K;-1,62%
01/07/2019;5909;5927;6028;5834;674,89K;1,06%
02/07/2019;5625;5914;5943;5609;878,94K;-4,81%
03/07/2019;5734;5649;5748;5604;600,13K;1,94%
04/07/2019;5680;5741;5757;5648;-;-0,94%
05/07/2019;5751;5738;5782;5629;698,02K;1,25%
08/07/2019;5766;5777;5846;5730;540,86K;0,26%
09/07/2019;5783;5756;5910;5729;551,87K;0,29%
10/07/2019;6043;5840;6053;5835;690,66K;4,50%
11/07/2019;6020;6044;6094;6014;573,02K;-0,38%
12/07/2019;6021;6046;6074;5993;469,03K;0,02%
15/07/2019;5958;6025;6092;5920;566,82K;-1,05%
16/07/2019;5762;5926;6006;5707;712,54K;-3,29%
17/07/2019;5678;5752;5836;5621;504,43K;-1,46%
18/07/2019;5530;5660;5732;5472;215,36K;-2,61%
19/07/2019;5563;5572;5636;5499;105,22K;0,60%
22/07/2019;5622;5622;5684;5572;24,30K;1,06%
23/07/2019;5677;5617;5747;5574;521,88K;0,98%
24/07/2019;5588;5723;5764;5533;745,25K;-1,57%
25/07/2019;5602;5590;5699;5581;559,28K;0,25%
26/07/2019;5620;5593;5657;5568;476,79K;0,32%
29/07/2019;5687;5620;5710;5581;529,74K;1,19%
30/07/2019;5805;5707;5847;5696;547,40K;2,07%
31/07/2019;5858;5834;5882;5781;614,00K;0,91%
01/08/2019;5395;5785;5799;5359;886,75K;-7,90%
02/08/2019;5566;5454;5605;5415;739,81K;3,17%
05/08/2019;5469;5538;5561;5422;823,84K;-1,74%
06/08/2019;5363;5495;5542;5329;682,79K;-1,94%
07/08/2019;5109;5342;5377;5052;1,06M;-4,74%
08/08/2019;5254;5233;5306;5194;724,76K;2,84%
09/08/2019;5450;5288;5492;5237;726,39K;3,73%
12/08/2019;5493;5432;5518;5354;611,03K;0,79%
13/08/2019;5710;5473;5747;5421;783,49K;3,95%
14/08/2019;5523;5674;5685;5397;718,29K;-3,27%
15/08/2019;5447;5490;5533;5377;527,87K;-1,38%
16/08/2019;5487;5474;5567;5426;168,35K;0,73%
19/08/2019;5621;5496;5641;5484;113,57K;2,44%
20/08/2019;5634;5610;5660;5528;47,45K;0,23%
21/08/2019;5568;5605;5713;5555;704,04K;-1,17%
22/08/2019;5535;5594;5646;5485;621,57K;-0,59%
23/08/2019;5417;5535;5560;5324;807,15K;-2,13%
26/08/2019;5364;5325;5526;5296;679,02K;-0,98%
27/08/2019;5493;5376;5572;5369;596,62K;2,40%
28/08/2019;5578;5571;5675;5534;674,05K;1,55%
29/08/2019;5671;5588;5689;5543;630,76K;1,67%
30/08/2019;5510;5663;5672;5455;708,27K;-2,84%
01/09/2019;5480;5500;5500;5456;-;-0,54%
02/09/2019;5466;5481;5522;5436;-;-0,26%
03/09/2019;5394;5500;5524;5284;970,80K;-1,32%
04/09/2019;5626;5392;5658;5384;682,30K;4,30%
05/09/2019;5630;5595;5776;5575;712,47K;0,07%
06/09/2019;5652;5619;5695;5483;714,29K;0,39%
09/09/2019;5785;5680;5816;5658;646,99K;2,35%
10/09/2019;5740;5803;5876;5720;755,47K;-0,78%
11/09/2019;5575;5789;5830;5561;858,77K;-2,87%
12/09/2019;5509;5593;5634;5400;845,98K;-1,18%
13/09/2019;5485;5515;5568;5444;599,47K;-0,44%
16/09/2019;6290;6148;6338;5877;1,40M;14,68%
17/09/2019;5934;6196;6259;5846;993,24K;-5,66%
18/09/2019;5811;5881;5943;5767;216,96K;-2,07%
19/09/2019;5813;5820;5954;5801;112,33K;0,03%
20/09/2019;5809;5865;5910;5779;37,98K;-0,07%
23/09/2019;5864;5925;5939;5737;526,79K;0,95%
24/09/2019;5729;5844;5849;5669;591,53K;-2,30%
25/09/2019;5649;5670;5702;5555;563,55K;-1,40%
26/09/2019;5641;5669;5684;5541;599,65K;-0,14%
27/09/2019;5591;5651;5676;5475;712,97K;-0,89%
30/09/2019;5407;5654;5657;5398;532,52K;-3,29%
01/10/2019;5362;5428;5484;5305;589,18K;-0,83%
02/10/2019;5264;5400;5442;5217;590,31K;-1,83%
03/10/2019;5245;5247;5291;5099;642,47K;-0,36%
04/10/2019;5281;5229;5335;5204;541,10K;0,69%
07/10/2019;5275;5269;5406;5259;549,02K;-0,11%
08/10/2019;5263;5281;5327;5181;658,32K;-0,23%
09/10/2019;5259;5257;5374;5231;632,67K;-0,08%
10/10/2019;5355;5269;5397;5138;613,94K;1,83%
11/10/2019;5470;5388;5493;5364;741,70K;2,15%
14/10/2019;5359;5490;5490;5277;467,64K;-2,03%
15/10/2019;5281;5351;5379;5239;511,25K;-1,46%
16/10/2019;5336;5292;5374;5251;451,64K;1,04%
17/10/2019;5393;5299;5416;5262;418,42K;1,07%
18/10/2019;5378;5409;5462;5335;174,48K;-0,28%
21/10/2019;5331;5371;5403;5271;95,98K;-0,87%
22/10/2019;5416;5339;5462;5310;33,92K;1,59%
23/10/2019;5597;5430;5607;5362;620,20K;3,34%
24/10/2019;5623;5590;5651;5541;480,76K;0,46%
25/10/2019;5666;5607;5674;5560;445,02K;0,76%
28/10/2019;5581;5665;5692;5558;437,02K;-1,50%
29/10/2019;5554;5580;5591;5461;521,46K;-0,48%
30/10/2019;5506;5553;5573;5442;659,33K;-0,86%
31/10/2019;5418;5490;5559;5371;677,42K;-1,60%
01/11/2019;5620;5415;5633;5407;538,12K;3,73%
04/11/2019;5654;5641;5743;5583;580,35K;0,60%
05/11/2019;5723;5656;5750;5630;435,32K;1,22%
06/11/2019;5635;5726;5785;5611;623,26K;-1,54%
07/11/2019;5715;5635;5788;5627;678,17K;1,42%
08/11/2019;5724;5708;5748;5576;636,94K;0,16%
11/11/2019;5686;5740;5740;5625;498,98K;-0,66%
12/11/2019;5680;5689;5755;5654;586,57K;-0,11%
13/11/2019;5712;5679;5753;5620;547,64K;0,56%
14/11/2019;5677;5739;5779;5663;516,83K;-0,61%
15/11/2019;5772;5691;5797;5643;375,99K;1,67%
18/11/2019;5705;5788;5809;5655;159,33K;-1,16%
19/11/2019;5521;5690;5711;5504;121,21K;-3,23%
20/11/2019;5711;5516;5725;5476;31,92K;3,44%
21/11/2019;5858;5700;5867;5660;593,53K;2,57%
22/11/2019;5777;5831;5874;5750;508,24K;-1,38%
25/11/2019;5801;5792;5815;5721;420,64K;0,42%
26/11/2019;5841;5792;5856;5776;443,82K;0,69%
27/11/2019;5811;5827;5868;5751;454,26K;-0,51%
28/11/2019;5808;5797;5829;5764;-;-0,05%
29/11/2019;5517;5813;5830;5502;718,72K;-5,01%
02/12/2019;5596;5547;5667;5542;616,42K;1,43%
03/12/2019;5610;5596;5680;5535;560,55K;0,25%
04/12/2019;5843;5643;5866;5628;760,54K;4,15%
05/12/2019;5843;5836;5912;5810;649,46K;0,00%
06/12/2019;5920;5832;5985;5770;679,61K;1,32%
09/12/2019;5902;5911;5925;5823;511,56K;-0,30%
10/12/2019;5924;5892;5952;5852;566,82K;0,37%
11/12/2019;5876;5906;5922;5811;589,65K;-0,81%
12/12/2019;5918;5888;5972;5875;530,85K;0,71%
13/12/2019;6007;5936;6048;5927;512,29K;1,50%
16/12/2019;6021;5987;6034;5971;347,40K;0,23%
17/12/2019;6094;6023;6106;6003;163,74K;1,21%
18/12/2019;6093;6055;6118;6032;131,07K;-0,02%
19/12/2019;6122;6086;6147;6079;35,46K;0,48%
20/12/2019;6044;6111;6120;6002;552,52K;-1,27%
23/12/2019;6052;6041;6077;6010;314,71K;0,13%
24/12/2019;6111;6063;6116;6047;204,54K;0,97%
25/12/2019;6119;6145;6152;6117;-;0,13%
26/12/2019;6168;6120;6183;6106;265,09K;0,80%
27/12/2019;6172;6173;6197;6124;351,90K;0,06%
30/12/2019;6168;6171;6234;6109;427,15K;-0,06%
31/12/2019;6106;6168;6188;6063;494,54K;-1,01%
